Branch,District
ANANTAPUR / RETAIL,ANANTAPUR
ANANTAPUR / TRACTOR,ANANTAPUR
DHARMAVARAM,ANANTAPUR
HINDUPUR,ANANTAPUR
RAYADURGAM,ANANTAPUR
TADIPATRI / COMMERCIAL,ANANTAPUR
CHITTOOR / RETAIL,CHITTOOR
MADANAPALLI,CHITTOOR
PALAMANER,CHITTOOR
PUTTUR AP,CHITTOOR
SRIKALAHASTI,CHITTOOR
VENKATAGIRI KOTA / TRACTOR,CHITTOOR
BADVEL / TRACTOR,CUDDAPAH
CUDDAPAH,CUDDAPAH
CUDDAPAH / TRACTOR,CUDDAPAH
PRODDATUR,CUDDAPAH
AMALAPURAM,EAST GODAVARI
KAKINADA,EAST GODAVARI
RAJAHMUNDRY / RETAIL,EAST GODAVARI
RAJAHMUNDRY / TRACTOR,EAST GODAVARI
TUNI,EAST GODAVARI
GUNTUR,GUNTUR
GUNTUR / TRACTOR,GUNTUR
MACHERLA / COMMERCIAL,GUNTUR
NARASARAOPET / RETAIL,GUNTUR
PIDUGURALLA / RETAIL,GUNTUR
TENALI / RETAIL,GUNTUR
BHAVANIPURAM,KRISHNA
BHAVANIPURAM / TRACTOR,KRISHNA
GUDIVADA,KRISHNA
HANUMAN JUNCTION,KRISHNA
JAGGAIAHPET / COMMERCIAL,KRISHNA
KANCHIKACHERLA / COMMERCIAL,KRISHNA
VIJAYAWADA - PATAMATA / COMMERCIAL,KRISHNA
VIJAYAWADA / COMMERCIAL,KRISHNA
VIJAYAWADA / RETAIL,KRISHNA
ADONI,KURNOOL
KURNOOL / RETAIL,KURNOOL
KURNOOL / TRACTOR,KURNOOL
NANDYAL,KURNOOL
GUDUR,NELLORE
NAYUDUPETA,NELLORE
NELLORE / RETAIL,NELLORE
KANDUKUR / RETAIL,PRAKASAM
MARKAPUR / RETAIL,PRAKASAM
ONGOLE,PRAKASAM
ONGOLE / TRACTOR,PRAKASAM
SRIKAKULAM / RETAIL,SRIKAKULAM
SRIKAKULAM / TRACTOR,SRIKAKULAM
TIRUPATHI / RETAIL,TIRUPATI
TIRUPATHI / TRACTOR,TIRUPATI
ANAKAPALLE,VISAKHAPATNAM
GAJUWAKA / RETAIL,VISAKHAPATNAM
MADHURAWADA / RETAIL,VISAKHAPATNAM
VISAKHAPATNAM - PENDURTHY / RETAIL,VISAKHAPATNAM
VISAKHAPATNAM / DISTRIBUTION,VISAKHAPATNAM
VISAKHAPATNAM / RETAIL,VISAKHAPATNAM
VIZIANAGARAM,VIZIANAGARAM
BHIMAVARAM / RETAIL,WEST GODAVARI
ELURU / RETAIL,WEST GODAVARI
JANGAREDDYGUDEM / COMMERCIAL,WEST GODAVARI
TANUKU,WEST GODAVARI
